ko,zh-cn
- 2000의 데미지는 1초마다 200의 데미지가 감전 피해로 나누어 적용됩니다.,- 敌人每1秒受到200点感电伤害， 共受到2000点伤害。
"- 8000의 데미지는 히트 1회당 800의 데미지가 감전 피해로 나누어 적용되며, 이 경우 10초 내에 10히트를 달성해야 8000의 데미지를 모두 입힐 수 있습니다.",- 自身每1次攻击附加800点伤害， 该伤害并入到下一次感电伤害中， 最多附加8000点伤害。
 F.D.피어서,终结穿刺
 거부,拒绝屏障
 극야,极夜·妖刃千散
 도깨비 바람,狂妖风暴
 동족 사냥꾼,捕猎箭
 래피드샷,迅猛速射
 먹이를 노리는 매의 눈,狩猎之瞳
 발골,卸骨
 발톱 꺼내기,利爪锋芒
 발톱 문신,妖痕抓击
 밤 슈터,引爆发射
 부스트 기어,推进装置
 부탁하기,委托
 사냥꾼의 인사법,见面礼
 산 제물의 연회,鲜活宴场
 새비지,蛮荒魅影
 스프링클러,炽热喷涌
 신요의 발톱,神妖之爪
 쓰리 인 어 베드,三弓床弩
 아웃버스트,妖潮狂袭
 안면 할퀴기,破颜击
 요기 살포,妖气散发
 요수조,妖爪
 요요만찬,妖蛇暴雨
 인간화,人形化
 조인트 : 디몰리셔,联合作战 : 最终一役
 조인트 : 라운드업,联合作战 : 围猎
 조인트 : 카펫 바밍,联合作战 : 地毯式轰炸
 조인트 : 터닝 포인트,联合作战 : 扭转战局
 쫓는 뱀,御蛇
 팔케 : 윙 커터,帕伊卡 : 翼之刀锋
 패스트 트리거,急速扳机
 퍼펙트 에이밍,完美瞄准
 프레데터,噬心妖魂
 피스 피어서,妖芒之茧
 하악질,威慑低吼
 하이프레셔,高压喷射
- 화상 및 빙결 상태 이상이 즉시 해제되며 남은 2초의 화상 피해량 4000의 5% 증가된 데미지인 4200이 즉시 적용됩니다.,- 灼伤和冰冻状态立即解除， 并造成4200点 (剩余2秒的4000点灼伤伤害增加5%) 灼伤伤害。
 확인 사살,巡猎终结
(구)아이패치,创可贴
[거대화],[巨大化]
[내면의 불꽃],[内心的火花]
[다이스 리롤],[骰子重掷]
[메아리치는 화염],[火焰回响]
[불사의 주술],[不死之术]
[생사의 경계],[生死边界]
[섀도우 워커],[暗影行者]
[성난 번개 구름],[怒雷之云]
[성난 잭오랜턴],[愤怒杰克爆弹]
[성난 잭프로스트],[愤怒冰霜雪人]
[성난 플로레상],[愤怒光电鳗]
[소형화],[缩小化]
[아스라한 : 무의 장막] 반추하는 기억을 거슬러,[雾隐之地 : 雾之幕] 探寻溯忆之界
[아이기스의 방패],[埃癸斯之盾]
[안개의 기억],[雾之记忆]
[얼렸다 녹였다],[破冰]
[영웅의 기백],[英雄气魄]
[오버 차지],[过度填充]
[응축된 대류],[浓缩的流岚]
[작은 거인의 발걸음],[小巨人的步伐]
[차원 이동],[次元移动]
[천공의 지배],[支配苍穹]
[천둥 가속],[天雷加速]
[최후의 광폭화],[最后的狂暴]
[폭발 약속 - 강화],[爆发约定 - 强化]
[혹한의 일격],[酷寒一击]
[화염 작렬],[火焰绽裂]
[화이트 매지션],[白色魔法师]
[환각이 담긴 눈동자],[幻视之瞳]
"1.자원 (캐릭터 육성 필수 아이템 등)
2.리소스(아트 리소스, 인적 리소스 등)",资源
1잠금 큐브,锁1晶体
2대대 대장 포공영 단델,2大队队长蒲公英丹德尔
2대대 부관 F.D.C 펜러드,2大队副官潘瑞德
2잠금 큐브,锁2晶体
3대대 대장 아이딘 레이스,3大队队长艾丁·芮斯
4대대 대장 아루즈 레이스,4大队队长阿露莎·蕾斯
8비트 모자,像素头
AI,智能机器人
APG-63,脉冲雷达-63
BBQ,炙烤
CEAB-2,聚能光幕 : 超能爆发
CP,定制点
CTF 실험장,CTF实验场
Ex-S 바이퍼,EX-S毒蛇炮
Ex-S 바이퍼 Zero,EX-S零式毒蛇炮
Ez-10 카운터어택,EZ-10反击者
Ez-8自爆者,EZ-8爆破者
FINALE : 특별한 이야기,终曲 : 霓虹蝶梦
FM-92 mk2 랜서,FM-92榴弹
FM-92 mk2 랜서 SW,FM-92特殊榴弹
FM-92 스팅어 SW,FM-92特殊刺弹炮
FSC-7,集束炸弹
G-38ARG 반응류탄,G-38智能手雷
GBL,蓝色真谛
GBL교 장서관,蓝色真理教藏书馆
G-S.P. 팔콘,G-超级猎鹰
GTA,侠盗手套
GW-16 발트슈타인,GW-16瓦尔德斯坦
HP,生命值
INTRO : 샤인 온 미,开场 : 唯我璀璨
Lv,级
M102-CERM 탄약,M102-强化弹药
MLDRS-95,ML-95火炮发射器
MP,魔法值
MSC-7,中子爆弹
NPC,剧情角色
OP-BOMB,超能爆弹
OP-Pack,超能装置
OP-차지쇼크,超能跃冲装置
Pandora_01,潘多拉1号
R.E.D Kick,虹爆裂踢
RX-트러블메이커,RX-强力冲击
S.O.P.H.I.A,索菲亚
TMH 통신병,卡勒特通信兵
U.F.E 스테이지,U.F.E擂台
UI,界面
가랑비,细雨
가브리엘,加百利
가온,加文
각궁,角弓
각인된 상처의 별,镌刻之迹星辰
각자의 강,独行江
간담회,座谈会
갈증,饥渴
감마 사이클론,伽马旋风
감시자의 마을,监视者村庄
감시자의 염원,监视者的心愿
감전,感电
"감전 지속 시간 증가/감소, 감전 데미지 증가/감소 옵션의 영향을 받습니다.",该属性受感电持续时间增加/减少、 感电伤害增加/减少属性的影响。
강제 팝업창,拍脸
강철용전차,钢铁龙战车
개선,优化
개전 레기온 캐릭터,巴卡妮军团本角色
개전 상급던전 캐릭터,巴卡妮高级本角色
"개전, 바칼 : 개전",开战，巴卡尔 : 开战
거리 공연,街头公演
거미마녀,蜘蛛魔女
건망증,健忘症
건화문,化天门
검객의 유산,剑士的遗产
검공아스카사,黑色恐怖之阿斯特罗斯  宝珠、 斯卡萨
검열 버전,和谐版本
검은 들풀 조합,黑茵协会
검은 들풀 평원,黑茵平原
검은 모살뜸,黑沙浴
검은 비의 플루비아나,黑雨之普鲁维娜
게이지,能量条
격노 : 무한히 증적한 식탐,暴怒 : 无限膨胀的食欲
격노 : 방향을 잃은 갈망,暴怒 : 迷失方向的绝望
격노 : 세상을 탐한 욕구,暴怒 : 贪恋世间的渴求
격노 : 최후에 삼킨 숨결,暴怒 : 吞噬终末的气息
격노 : 파괴를 행한 맹목,暴怒 : 毁灭万物的盲目
격노 융합 방어구,暴怒融合防具
격룡 브루트,激龙布鲁特
견고한 땅의 성단,流水之星团
결속된 영혼,束缚的灵魂
결의의 전쟁 부츠,决意之战靴
결전의 의지,胜负之役意志
경계 문진,梦境之界
경계 위에 선 자,超越两界
경계를 넘어선 차원,超界次元
경계문진-단,梦境之界 - 断
계곡관리자 렐,溪谷管理者芮尔
계곡의 파수꾼 루갈루,溪谷守望者鲁加鲁
계귀,帐号绑定
계시 : 아리아,启示 : 颂歌
계정,账号
계층화,分层
고블 몬스터,幻兽之决
고어 크로스,十字刃
고원의 안개꽃,高原雾花
골드 시세,金价
골드 아나콘다 33mm,金狂蟒 - 33毫米
골든 베릴,金绿柱石
골카,金牌
공간 가르기,切割空间
공격력 증가,攻击强化
공격력 증폭,攻击强化增幅
공대,攻坚队
공어,空骨鱼
공중 연속 베기,空之连刃
"공팟, 공격대",攻坚队
공해(空海),空海
공허의 추락,虚空坠落
공허한 혼창,虚空魂仓
관조의 시종,观测侍从
광란의 축제,狂乱庆典
광룡승천,狂龙升天波
광산 깊은 곳,矿山深处
광장선,广场舰
광폭의 블라슈,怖拉修
광폭화 제어 장치,狂暴控制装置
광폭화된 전의의,怒战之意
광폭화된 전의의 무기,狂暴之意武器
광휘 : 고귀한 사명,光辉 : 崇高的使命
광휘 : 멈출 수 없는 의지,光辉 : 无畏的意志
광휘 : 전해지는 지혜,光辉 : 传承的智慧
괴도 블랑슈네쥬,白雪怪盗
괴리의 저편,乖离的彼岸
괴생풍체,怪妖风魔
괴짜 핀더,怪人芬德
교가,可以交易
교감 : 감싸안는 햇살,灵通 : 暖融阳光
교감 : 공존하는 생명,灵通 : 协同生命
교감 : 내려앉는 이슬,灵通 : 满盈泪珠
교감 : 동행하는 대지,灵通 : 并行大地
교감 : 보호하는 온기,灵通 : 守候温度
교감 융합 방어구,灵通融合防具
교단의 율법에 따라 적을 심판하는 잔혹한 성직자,公正严明， 审判一切有罪之人的坚毅光职者。
교불,无法交易
구름 속의 냐구,云中的尼亚古
구름을 달리는 에스파칼,云中奔跑的埃斯帕卡尔
구름을 삼키는 네뷸라,吞噬云朵的尼比拉
구성품,构成品
구울,墓穴小怪
구원자,救世者
구인난,招人难
국경절 버전,金秋版本
굿맨,古德曼
궁인,弓人
궁인 올드레인,弓匠奥德莱恩
"保底条(安全装置) : 안전장치( 천장)
保底兑换 : 정가",保底
귀부인,贵妇人
귀연참,鬼连击
귀연참 : 극,鬼连击 : 极
균열 안의 장소,裂缝中某处
균형의 중재자,均衡仲裁者
균형의중재자,均衡仲裁者
그늘막만,阴影湾
그늘진 새벽의 별,郁沉之晓星辰
그레이스,格蕾丝
그로기,虚弱
그루브 이펙터,效果器(律)
극복의 무용담,勇者光迹
극복의 무용담,勇者光迹
극복한 자의 증표,制胜者奖章
극성 분열,极性分裂
근위대 세트,赤诚卫士之誓套装
근위대의 맹세 각갑,赤诚卫士之誓战靴
근위대의 맹세 갑주,赤诚卫士之誓胸甲
근위대의 맹세 등불,赤诚卫士之誓的辉光
근위대의 맹세 목 보호대,赤诚卫士之誓护颈
근위대의 맹세 상박갑,赤诚卫士之誓肩甲
근위대의 맹세 수갑,赤诚卫士之誓手镯
근위대의 맹세 요갑,赤诚卫士之誓腰甲
근위대의 맹세 증표,赤诚卫士之誓的印证
근위대의 맹세 지령서,赤诚卫士之誓守则书
근위대의 맹세 충심,赤诚卫士之誓的忠心
근위대의 맹세 하갑,赤诚卫士之誓护腿
금단의 저주,禁术吟咏
금룡 : 무한한 빛의 결계,金龙 : 无限的光之结界
금룡 : 찬란한 용의 비늘,金龙 : 灿烂的龙之鳞
금룡 : 화려한 힘의 기원,金龙 : 华丽的力之源
금호랑,金虎狼
기계 혁명 : 바칼 레이드,机械崛起 : 巴卡尔攻坚战
기록된 빛,太初铭记之光
기류 변환,气流变换
기름지고 비대한 비계,肥腻的巨大肉块
기만을 삼킨 감시탑,吞噬欺瞒的监视塔
기민한 움직임,敏捷的动作
기분 전환,情绪调动
기어 드라이브,装置驱动
기어 드라이브 : 네뷸라,装置驱动 : 星云
기어 부스터,弹射加速
기어 업그레이드!,装置升级
기어워크 N2 - 오스틴 7,啮齿N2 - 奥斯丁
기억 왜곡,记忆扭曲
"기억과 안개의 신, 무",记忆与雾之神——雾
기억으로 새겨진 별자리,铭刻记忆之星尘
기억을 담는 그릇,五行之忆容器
기억의 도서관,记忆图书馆
기억의 도서관 지기 (Librarian at Library of Memory),记忆图书馆管理员
기억의 성단,梦境星团
기억의 성단 발현/변경,梦境星团赋灵/变更
기억의 종착지,记忆之终末地
"기자, 나르샤",记者纳夏
길로틴,镰勾旋击
깨무는 머랭,棉花般的梅灵
깨우침의 봉우리,领悟之峰
꿈 속의 위협,梦中威胁
꿈결 현상,梦境幻象
꿈꾸는 아이의 소원 세트,眠梦中的祈愿 套装
꿈꾸는 트릴로지,梦幻三重奏
나달,土族
나락 떨구기,追袭
나벨,纳波尔
나부,纳芙
나스트론드,纳斯特隆德
나아가려는 자의 마음 세트,冲锋前线之守卫 套装
나이트 허브,黑暗香草
난장,乱场
날카로운 단검,潜行之匕首精通
남달급,蓝月级
내 마음은 루바토,自由律动
내딛는 자들,迈出脚步者
내면의 경계선,内心的边界线
내재된 분노,蕴含之怒
내추럴 매드니스,纯粹盛怒
냉기에 갇힌 원망,冰封的怨恨
냐구,尼亚古
너울,水族
네오플,NP
네임드,稀有怪
넥 디바이더,撕裂
넥 펀처,妖刺结阵
"노가다, 광부",搬砖
노동절,耕耘
노블레스 코드 : 더스크,贵族机要 : 暮色
논의,商讨
"놓치지마, 팔케!",帕伊卡锐眼
뇌광 : 낙뢰를 내린 용각,雷光 : 呼唤落雷的龙角
뇌광 : 번개를 담은 용린,雷光 : 覆载奔雷的龙鳞
뇌광 : 벼락을 감은 용조,雷光 : 踏足轰雷的龙爪
뇌광 : 우레를 감싼 용익,雷光 : 拥抱沉雷的龙翼
뇌광 : 천둥을 품은 용심,雷光 : 汇聚天雷的龙心
뇌광 융합 방어구,雷光融合防具
눈 속에 묻힌 기억,埋在雪中的记忆
눈부신 겨울의 축복,玄冬的祝福
눈부신 기억의 조각,耀眼的记忆碎片
늘어져 처진 몸통,垂落之躯
늙은 마법사 (Old Mage),年迈魔法师
다 카포,复唱开始
다디달늪,甜品沼泽
다크 크로스,黑暗十字刃
단검투척,绝境飞刃
단계,阶段
단공참,三段刃
단편의 기억,记忆落痕
달 사냥꾼,猎月者
달빛 주점,月光咖啡馆
달이 잠긴 호수,沉月之湖
달콤한 칸타빌레,甜蜜柔歌
달콤한 향기의 속삭임,甜蜜芬芳的低语
닷지,dodge
대강하,急下降
대룡저격소총 ADO-22,巨龙狙击枪
대류 : 몰아치기 전의 고요함,对流 : 山雨欲来
대류 : 변덕스러운 흐름,对流 : 变幻莫测
대류 : 제어할 수 없는 돌풍,对流 : 呼啸疾风
대류 : 주어진 바람의 무게,对流 : 闻风而动
대류 : 휩쓸려 지나간 흔적,对流 : 风卷残云
대마법사 마이어,大魔法师玛尔
대마법사의 차원회랑,大魔法师的次元回廊
대지 : 바스러지는 발걸음,大地 : 破碎步履
대지 : 삶과 죽음의 교차,大地 : 生与死之际
대지 : 생명이 돋아나는 땅,大地 : 生机乐土
대지 : 죽음이 내려앉는 시간,大地 : 寂灭降临之刻
대지 : 피어나는 계절,大地 : 开花时节
대지의 기운,大地之息
대형 크로스 슈터,巨弩
던전앤라이프,地下城与生活
"던전앤파이터, 던파",地下城与勇士
던파,DNF
던파로ON,DNF ON
던페,DNF嘉年华
데드리프트,浮空连击
데들리 케이프,暗影囚笼
데보닝 슬래셔,无尽毁灭
데스 매치 존,死亡比赛场
데스 사이드,魔镰之舞
데스티니 퍼펫,疯狂召唤
데스플레임,死亡之焰
데우스 엑스 레이,罚罪之光
데이,黛伊
도리스,多莉丝
도망자 소나,逃亡者素娜
도망친 노예,出逃的奴隶
독을 먹는 프로다스,噬毒之普罗达斯
독이 스며든 바위 세트,毒瘴之渊 套装
독충 쫓기,驱虫烈火
돋아나는 뿔의 샤이안,巨角夏安
돌파한 자의 증표,先锋者奖章
동돌,金族
동향,舆情
두 자루의 총을 사용하는 천계인,生活在天界的神枪手，\n是善于利用枪械压制敌人的战士。
두더지 사냥,隐鼠之袭
둠스가디언,末日守卫者
둠스데이,末日狂战
뒤집힌 멸망의 세계,覆亡的世界
뒤쫓는자 제논,追踪者泽侬
드랍 더 비트,调音放送
드래곤 슬레이어,屠龙者
드러나는 진실,浮出水面的真相
드러머 바라,鼓手芭拉
드리머 (Dreamer),织梦者(Dreamer)
들어야 할 진실,必须倾听的真相
들에,鹿野
들풀 시내,茵溪
등록,放入
등빛다님길,灯火之路
등장,出场
디리암 올드레인,迪利安·奥德莱恩
디바우러,幻妖之噬
디버프,减益
디자인,精巧装扮
디톡스,D-talks
딜러,输出职业
딜러난,C荒
따뜻한 봄날의 별,蕴暖之春星辰
따뜻한 봄의 축복,暖春的祝福
땅을 파는 몰디그,挖掘之王莫尔迪格
땅지기 슈므,地界镇护者舒茉
땅지기의 서약,地界镇护者的誓约
뜻밖의 도움,意料之外的援手
라빈 슈뤼즈의 거처,拉宾·修琉斯的住所
라이브 디렉터,运营总监
라이브 서버,正式服
라이브 서비스,运营服务
라이징 문설트,翻月翔击
라이트 허브,光明香草
래티족,莱蒂族
랜덤 음표 입력,输入随机音符
랜디네이크,兰迪内克
램페이저,狂怒冥神
램페이지,盛怒狂潮
러블리 템포,可爱节拍
럭키 크레센도,音量顶峰
럭키 크레셴도,音量顶峰
레드 래빗,红兔
레미디아 바실리카,雷米迪亚大殿堂
레미디아 바실리카 고해소,雷米迪亚大殿堂告解所
레벨 적정 던전,推荐地下城
레어 클론 아바타 세트,稀有克隆装扮套装
레이지 모드,燃斗模式
레전더리,传说
로그의 가죽 마스터리,暗星皮甲专精
로얄 패스 캐릭터,尊享通行证角色
로열 패스,尊享通行券
로자 유르겐,洛莎·尤尔根
로절린드,罗莎琳
롤링 러쉬,粉碎回旋击
롤링봄,滚动臂
루드밀라 비요르,露德米拉·比洛尔
룩딸러,暖暖
리디머,拯救者
리벤저,心灵反击
리틀플레임,小火焰
리플레이,重播
린클레이터,林克雷特
마계의 끝,魔界的终焉
"마궁전, 미앙마궁전",云上长安战未央
마나 실드,低生命值
마나 오버플로우,魔力溢出
마담 고블린,哥布林夫人
마도학자의 연구소,魔道学者的研究所
마들렌,玛德琳
마엘스트롬,暴风漩涡
마왕성,魔王城
마일란,米岚
마일란 릿,米岚·利特
마지막 불의 숨결 : 무기,焚烬龙焰武器
마흐나발,玛赫纳瓦
만무식적,万雾息笛
만물의 정점,万物巅峰
맑은 정신,明晰知觉
망각의 마석,遗忘魔石
망자의 원한,复苏者之怨
망자의 집념,复苏者之缚
매뉴얼 클러치,手动操作模式
매시브 피어서,重型穿甲箭
매출,营收
맹렬한 불길,猛烈火焰
먹구름 누각,雾中楼阁
멈추어진 지식,知海沉舟
멈추지 않는 순례의 기록,巡礼征战之录
멈추지 않는 순례의 흔적,巡礼命魂之痕
멈추지 않는 질주,永不停歇的疾驰
멈추지 않는질주,永不停歇之步伐
메아리치는 화염,呼啸火焰
메이 스피리티아,梅伊·斯匹莉缇娅
메이븐,权威猎神
메테오리아,陨星
멘데스,门德斯
멸망의 안식처,毁灭的安息处
멸절의 폭룡왕 바칼 카드,绝灭之爆龙王巴卡尔  卡片
멸진당,灭尽堂
모리,莫利
모살뜸 해변 마을,沙浴海滨小镇
모색청연(暮色淸然),暮色清然
모한,摩汉
모험단 서클,冒险团小组
몬스터 파이터즈,怪物对决
몰아치는 전류의 흐름 세트,酷烈电流 套装
무결한 마음,无瑕之心
무기력,无精打采
무기상 오스카,军备商奥斯卡
무너진 기억의 도서관,崩塌的记忆图书馆
무너진 세계의 틈,临界崩坏之隙
무녀,驱魔师(女)
무릎 보호대,护膝
무상의 스톤 슬램,无相巨石兽
무스,摩兹
무용담,勇者光迹
무용담 교환,光迹兑换
무의  뉨터,雾之寝殿
무의 눈,雾之眼
무의 눈 신도 데아,雾之眼追随者德亚
무의 자리,雾之座
무의식의 테르미누스,无意识之忒耳弥努斯
무적자 유진,无归者佑真
무지한 영역의 통로,无知领域通道
무척급,巨人级
무한한 가능성의 탐구,无限可能性的探求
무한한 가능성의 흐름,无限可能性的流动
무한한 가능성의 흔적,无限可能性的痕迹
무한한 영감,无限的灵感
무회,无悔之思
"문의 주인, 카론(Charon the Gatekeeper)",门之主人·卡隆
문지기 카론,守门人卡隆
물리/마법 피해 감소 +%%,物理/魔法所受伤害 -%%
물안개 광장,水雾广场
물폭탄,水弹
물프레군도,浮萍群岛
뮤즈,缪斯
미광의 부유석,微光悬浮石
미스터 발렌타인,瓦伦蒂先生
미스트 기어 장비,星辰百变装备
미스트 락킹 퍼실리티,迷雾锁定设施
미스트 버스트,迷雾爆裂
미스트 코어,雾核
미스트 펑크,迷雾朋克
미스트리스,除恶者
미앙감마전,云上长安战未央
미완의 경계문진,梦境之界原阵
미지 속 생명체의 기록,未知征战之录
미지 속 생명체의 흔적,未知命魂之痕
미지의 골격 링,未知之骨戒指
미지의 관절 신발,未知关节鞋
미지의 근섬유 상의,未知肌纤维上衣
미지의 금속 각반,未知金属绑腿
미지의 기계 장치 벨트,未知机甲腰带
미지의 눈동자 네클리스,未知之瞳项链
미지의 바이탈 시그널,未知之灵信号
미지의 보석 숄더,未知宝石肩甲
미지의 비늘 암릿,未知鳞片手镯
미지의 세계의 균형,未知世界的均衡
미지의 에너지 스피어,未知之能战矛
미지의 파워 사이드,未知之力战镰
미코,雾核
"바닷길, 보라해로",海上之路 : 紫海通路
바람 부는 언덕,风之丘
바람 질주,乘风疾驰
바람길,风之路
바랗급,海洋级
바래지 않는 충정의 근위대 세트,赤诚卫士之誓套装
바실리카 성당,雷米迪亚殿堂
바칼 용합,巴卡尔贴膜
바칼 입장컷 캐릭터,巴卡尔门槛角色
반격 시스템,反击系统
반짝이는 금속의 성단,雷电之星团
반추하는 세계,溯忆之界
발리스타,投石器
발리언트 크로웰,巴里恩特·克劳威尔
발트슈타인 실험장,瓦尔·德斯坦实验室
밤과 꿈,夜与梦
배신자의 저택,背叛者宅邸
배틀메이지의 무기 마스터리,战斗法师武器精通
배후습격,潜行之心
백금의 행운 엘리브,幸运白金·艾利芙
백목,白木
백전노장의 기록,沉沙征战之录
백전노장의 흔적,沉沙命魂之痕
백해의 하늘,白海之空
밴드 하모니,和茉霓乐队
뱀파이어,赤狱伯爵
뱀파이어 로드,赤狱君主
뱃나비섬,舟栖岛
버드나,绿叶精灵
버려진 영지,废弃领地
버려진 황야,废弃荒原
버스트 퓨리,狂气爆发
버전,版本
버퍼,辅助职业
버퍼난,奶荒
버프력,增益量
번뜩이는 스키이브레이크,闪耀之斯凯布雷克
베니,贝尼
베르너,维尔纳
베아티,贝亚蒂
베이마,贝默亚
베이시스트 에일라,贝斯手艾伊洛
베일드 어택,潜行之袭
베테랑 헌터의 훈장,追猎者勋章
베히마,贝希摩
벨리스 마을,贝利斯村
벨리스 인근,贝利斯近郊
벼리,火族
벽사옥,辟邪玉
변경,变更
변환,变换
별무리록,星群录
별자리 거북,星座灵龟
별지기 성좌 관측,星座观测
별지기 탐험 수첩,星座探险手册
보늬반디의 호수,袋萤湖
보디가드 레인,保镖莱因
보석술사툴리체,宝石术士特里切
보스,领主
보스-격노한 진룡 이트레녹,领主 - 狂怒之真龙利特雷诺
보스-광휘의 금룡 느마우그,领主 - 辉光之金龙雷纳克
보스-작열의 화룡 애쉬코어,领主 - 炽炎之火龙艾斯库尔
보스-절규하는 흑룡 네이저,领主 - 绝影之黑龙奈伊泽
보이지 않는 뿌리,隐形的根基
보이지 않는 손,看不见的手
보호를 담은 괴,蕴含保护的怪物
복귀,回流
복수의 가시,黑暗之刺
볼트 레인,箭雨
볼트 스콜,弩之骸
봄이와,春花精灵
봉인된 미스트 기어,星辰百变装备兑换券
부동의 연못,永滞之湖
부메랑 커터,回旋刃
부스트 모드,超速模式
부여된 야성,野性愈烈
부유등,悬浮灯
부캐,小号
부화하는 악령의 씨앗,孵化的恶意之种
분기암경파,释影暗劲波
분신 세례,焚身洗礼
불경한 자들의 저울,不敬者的天平
불길 위의 생존자 세트,烈焰灼痕 套装
불꽃의 기운,火花之息
불꽃의 의지,火花的意志
불멸의 기억,不灭之忆
불사 연구자의 은신처,不死研究者的藏身处
불스아이,追袭逐影丝
불신위괴,无信妄妖
불신의 눈,不信之眼
불운의 포르스,厄运之弗瑞斯
불의 숨결 큐브,龙焰晶体
불타는 고난의 별,浴火之厄星辰
붉은 달의 사냥터,红月狂狩之地
붉은 태양의 운명,红日之命运
브랜드 뉴,崭新曲风
브롱크스의 황무지,博隆克斯的荒地
브림,布里穆
블랙 로즈단,黑玫瑰特种战队
블랙아웃,暗黑扩张
블러드 메이지,猩红法师
블러드 번,赤红燃烧
블러드 소드,爆发之刃
블러드 스내치,狂怒暴掠
블러드 이블,帝魔焚天
블러디 스파이크,回闪劫击
블러디 카니발,绯红盛宴
블레이드 스톰,灭袭乱舞
블루 노트,蓝调
블루 베릴 네클레스,蓝灵绿玉石项链
블루 베릴 링,蓝灵绿玉石戒指
블루 베릴 벨트,蓝灵绿玉石腰带
블루 베릴 보호대,蓝灵绿玉石肩甲
블루 베릴 부츠,蓝灵绿玉石长靴
블루 베릴 아머,蓝灵绿玉石胸甲
블루 베릴 암릿,蓝灵绿玉石手镯
블루 베릴 이어링,蓝灵绿玉石耳环
블루 베릴 젬스톤,蓝灵绿玉石宝石
블루 베릴 퍼퓸,蓝灵绿玉石香水
블루 베릴 하의,蓝灵绿玉石护腿
블루 베히모스,蓝鲸
블루 파이렛 벨트,海湾侠踪腰带
블루 파이렛 부츠,海湾侠踪短靴
블루 파이렛 블라우스,海湾侠踪衬衫
블루 파이렛 숄더,海湾侠踪护肩
블루 파이렛 이어링,海湾侠踪耳环
블루 파이렛 쥬얼,海湾侠踪宝石
블루 파이렛 팬츠,海湾侠踪长裤
블루 파이렛 프로텍터,海湾侠踪保护器
블루호크 선장 버디,蓝鹰船长巴蒂
블루호크의 행선지,蓝鹰的目的地
비공요새 솔리다리스,空中要塞——索利达里斯
비밀의 탐구가,秘密探索者
비비,布比
비비드,动感音符
비셔스 래리어트,极恶飞锁
비시마,比希玛
비틀린 마을,扭曲的村庄
비행단,飞行团
비활성화,熄灭
빈틈 찌르기,凌跃一击
빌드,BD、配装
빙화 : 가혹한 한기,冰花 : 残酷寒意
빙화 : 살에는 빙설,冰花 : 永恒冰雪
빙화 : 얽히는 서리,冰花 : 萦绕冰霜
빙화 : 펼쳐진 동토,冰花 : 辽阔冻土
빙화 : 피어난 꽃잎,冰花 : 绽放花瓣
빙화 융합 방어구,冰花融合防具
빛 푸름 강화 물약,幽碧强化药水
빛 푸름 빛무리,幽碧光束
빛 푸름 신수,幽碧神兽
빛 푸름 주화,幽碧硬币
빛 푸름 초원,幽碧草原
빛 푸름 치유 물약,幽碧治疗药水
빛 푸름 폭포,幽碧瀑布
빛나는 다이앤,闪亮之狄安娜
빛바랜 금주고,褪色的褚金库
빛의 마을,光之村庄
빛의 변주,辉光变奏
빛의 복수,光之正义
빛의 여인(The Woman Of Light),光之女
빛의 탐구자,光明探索者
빛푸름 골짜기 정화록,幽碧之峡净化录
빛푸름 별지기,幽碧星座卫士
"빠르게, 고통 없이",痛快赐予
빨간코 개구리,红鼻蛙
"빼앗긴 땅, 이스핀즈",失落之地 : 伊斯大陆
뿔 사슴 조합,角鹿协会
뿔 사슴 평야,角鹿平原
뿔 화살,角矢
사계의 축복,四季的祝福
사냥감 식별,猎物识别
사냥을 시작해볼까!,狩猎开始
사라 웨인,飒拉·维恩
사라도,萨拉岛
사령,复苏者
사령술사,黑夜术士
사멸하는 신뢰의,寂灭之信
사멸하는 신뢰의 무기,寂灭之信武器
사방의 분열된 기운,分裂的四方龙息
사방의 융합된 기운,融合的四方龙息
사벨리,沙维利
사슴 과일,鹿果
사신의 함정,死神的陷阱
사운드 오브 뮤즈,缪斯之声
사이드 매서커,终结战镰
사이킥 아이돌,精神偶像
사제,礼官
사좌천태문,四左天泰门
사투의 옥,恶斗之狱
사형선고,判处极刑
살기감지,绝对感知
살다믐섬,浅浸岛
살육난무,狂野乱舞
살의의 파동,无尽波动
삼재검,三才剑
삼천세계 - 멸,三千世界 - 灭
삼키는 미믹크,吞噬之迷米科
상공인협의회,商工人协商会
"상급 던전, 상던",高级地下城
상반기,H1
상승,提升
상자,礼盒
상태이상 전문가,异常状态专家
상황판,战况板
새로운 시간의 끝,新的时间尽头
새하얀 눈의 성단,白雪之星团
생명으로 빚어낸 마력 세트,生命浇筑之力 套装
섀도우 댄싱,潜行领域
서고,书库
서늘한 바람의 성단,清风之星团
서리에 묻힌 분노,雪封的愤怒
서바이벌,野外生存
선각자브루머,先觉者布鲁默
선장선,船长舰
설경 : 고요한 단말마,雪境 : 寂静之遗言
설경 : 남겨지지 않는 발자국,雪境 : 瞬逝之足迹
설경 : 스며드는 한기,雪境 : 刺骨之寒气
설경 : 얼어붙는 감각,雪境 : 冷意之伤痕
설경 : 정할 수 없는 운명,雪境 : 未定之命运
성단 복원,星团点亮
성염의 쇄도,神焰疾降
세계가 담긴 축,世界的中心轴
세계수 신전,世界树神殿
세계의 경계,世界的边界
세라,点券
세라샵,商城
세라핌,炽天使
세미아니,塞米亚尼
세컨드 부스트,二重助推
세트,套装
"세팅, 조합, 컨셉, 테마",流派
셀레스티얼 (Celestial),天境之人(Celestial)
셀린,西尔林
셋 업 : 맹격,装载 : 猛击
셋 업 : 불꽃놀이,装载 : 烟花漫天
셋 업 : 섬공,装载 : 闪弓
셋 업 : 신무병장 요수광란,神雾兵仗·妖旋风
셔츠,体恤衫
셰르파,塞尔帕
셰이커 블래스트,回旋十字刃
셰이크 다운,暗掠
소리의 향연,悦耳音律
소울 트레이싱 디바이스,灵魂追踪器
소울드레인,幻影摄取
소켓,栏位
속전속결,速战速决
속죄의 제단,赎罪祭坛
손 풀기,热场调音
손끝 잇는 자들,指尖触碰者
손에 닿은 기억,触手可及之记忆
솔리다리스,索利达里斯
"솔플, 솔로 플레이",单刷
쇼맨십,表演技巧
수다스런 코메테스,多言的可米迪斯
수면의 히프나,沉睡的哈布娜
수상 마을,水上小镇
수원,水原
수평선 위 균형,地平线上的均衡
수호 : 혼,守护 : 魂
수호자의 기록,守护者的记录
숙제,肝
순교자의 예배당,逝者的礼堂
순례자를 억압하는 시련,巡礼者的试炼
순례자를 얽매는 고난,巡礼者的困局
순례자를 짓누르는 무게,巡礼者的重担
순례자의 길을 비추는 빛,巡礼者的前路之光亮
순례자의 나무 요대,巡礼者的木腰带
순례자의 나아가는 의지,巡礼者的前进之意志
순례자의 미래를 보는 시선,巡礼者的预言之视线
순례자의 사막 부츠,巡礼者的沙漠靴
순례자의 어깨 보호대,巡礼者的护肩带
순례자의 카고 바지,巡礼者的工装裤
순례자의 해진 바람 막이,巡礼者的旧风衣
순백의 기운,纯白之息
순수한 오행의 흐름,纯粹的五行源流
순환의 나선,循环的螺旋
숨을 탐하는 자,野息狂放
숨죽인 슬픔,屏息中的悲伤
숭고한 구원자의 길 세트,崇高拯救者之路 套装
숲속의 마녀 귀걸이,森林之魔女耳环
숲속의 마녀 망토,森林之魔女斗篷
숲속의 마녀 목걸이,森林之魔女项链
숲속의 마녀 바구니,森林之魔女篮子
숲속의 마녀 반지,森林之魔女戒指
숲속의 마녀 벨트,森林之魔女腰带
숲속의 마녀 상의,森林之魔女上衣
숲속의 마녀 신발,森林之魔女长靴
숲속의 마녀 정령석,森林之魔女精灵石
숲속의 마녀 팔찌,森林之魔女手镯
숲속의 마녀 하의,森林之魔女护腿
숲의 전언자 카밀라,森之密语者卡米拉
쉬카리,猩红狩猎
쉴드데몬,盾魔
슈퍼 체이서,超级炫纹
슈퍼 체이서 강화,强化 - 超级炫纹
슈페리어 : 매직 서클로,卓越 : 魔力之环
슈페리어 : 오리진 오브 더 마이어,卓越 : 玛尔本源
슈페리어 : 코스믹 이어링,卓越 : 宇宙耳环
스위티 테히티,糖果泰希缇
스윙 스캣,摇曳之声
스카이로드,空中航线
스커드 제노사이드,疯狂射击
스크램블 앵커,登跃飞锚
스크리본,斯克里本
스킬 펄 익스텐션,技能延展
스테빌라이저,稳定装置
스테이지,关卡
스테인라이트 공방,琉璃工坊
스텔라 메테오리아,耀眼的陨星
스톰 브레이크,风暴激破
스페셜 오프닝,巨星登场
스펙,能力值
스펙업,成长
스펙업 미션,成长任务
스펙터클 스콜,壮丽狂风
스피닝 스플래시,旋风冲击
스피리티아,莉缇娅舞台
스핏파이어 플로,弹药专家弗洛
시간의 끝,时间尽头
시라누이 인법첩,不知火舞忍法帖
시선 닿는 자들,目光所至者
시인,矢人
시작의 샘,起始之泉
시즌 그리팅,季节问候
신관 아우렌,神官奥伦
신녀,龙女
신도,追随者
신뢰의 황금 복대,信誓之黄金护腰
신무변조,神雾改装
신무병장,神雾兵仗
신무병장 유성,神雾兵仗·流星
신무병장 폴라리스,神雾兵仗·北极星
신무성장 사지타리우스,神雾星仗·人马座星云
신비한 별,神秘之星
신비한 의 마법서,装备之力魔法书
신비한 재봉틀,奇迹缝纫机
신성한 빛의 힘으로 적을 섬멸하고\n아군을 지원하는 프리스트,用光之力量消灭敌人并支援队友的光职者。
신세이어,判罪者
신속의 알테어,神速之阿尔瑟
신수,神兽
신수의 기운,神兽之息
신수의 스페셜 선물 상점,神兽的特别礼物商店
신연,神烟
신의 가호를 받아\n강력한 신성력을 가지게 된 프리스트,拥有强大的光之力量的光职者。
실전형 위상변화,实战型替身草人
심연의 결집 : 무정형의 힘,深渊结集 : 未定之力
심연의 결집 : 무한한 수축,深渊结集 : 无限坍缩
심연의 결집 : 정의되지 않는 존재,深渊结集 : 无法定义之存在
심연이 삼킨 하늘성 꼭대기,沉入深渊的天空之城顶部
심플 헌팅,效能猎捕
십자가,光杖
십자검,啸空十字刃
쌍현섬,双弦闪
火 :,焰 :
썩어가는 토아타모,腐朽之陀塔莫
썬더위치,雷霆女巫
아가토,阿加托
아네시,亚内希
아드레날린 랩소디,燃情狂想曲
아득한 각인,遥远之刻痕
아들 고블린,哥布林弟弟
아름,美轮之韵
아샤,阿夏
아스라한 : 무의 장막,雾隐之地 : 雾之幕
"아스라한 : 안개의 신, 무",雾隐之地 : 雾神攻坚战
아스라한 기록실,雾隐之地记录室
아스라한 서고,雾隐之地书库
"아스라한: 만들어진 신, 나벨",雾隐之地 : 人造神纳波尔
아우구스터→ 사막의 비밀상인,欧格斯
아이보리 센텐스,兽牙裁决
아이시,艾希
아이템,道具
아처,弓箭手
아쳐,弓箭手
아케이드,街机
아케이드 : 요기 정화,街机 : 净化妖气
아쿠아 릴리,水百合
아크로바틱 레이드,绝技袭击
아포,太阳
아홉 꼬리 블로나,九尾布洛娜
악동 스완,恶童斯万
악몽의 서,解读噩梦之书
악몽회랑,噩梦回廊
악을 섬멸하기 위해\n악마의 힘을 받아들인 프리스트,为了惩戒恶魔， 甘愿接受恶魔之力的光职者。
악의 군주 바라로드,邪恶君主巴拉罗德
악의 재림,邪魔再临
안개 : 기약없는 기다림,迷雾 : 无尽的等待
안개 : 꿈결의 무의식,迷雾 : 迷梦的无意识
안개 : 모호한 경계,迷雾 : 朦胧的边界
안개 : 무지의 영역,迷雾 : 未知的领域
안개 : 불확실성의 두려움,迷雾 : 缥缈的恐惧
안개 고원,迷雾高原
안개 신전,雾神殿
안개 폭포,迷雾瀑布
안개 표창,迷雾飞镖
안개가 어둠에 물들지 않기를.,愿迷雾不会染上黑暗
안개누빔 산맥,雾织山脉
안개를 머금은 요무무,蕴含雾气的妖沐沐
안개무리,迷雾箭雨
안개신 개전,雾神尼
안개에 발자국을 새긴 자,铭刻足迹于迷雾中者
안개의 도시 청연,雾都晴烟
안개의 빛무리,雾光宝藏
안개의 사제 클라디스,雾之典司克拉迪斯
안개의 신,雾神
"안개의 신, 무",雾神
안개의 장막을 드리우다,雾帐遮天
안개폭우,浓雾暴雨
안내,指示
안티엔바이 《AntiEnbi》,天之印
알데라민 이리네 폰 릴리오,阿德拉敏·伊列娜·冯·莉莉欧
알프라이라 산 어딘가,阿法利亚山某地
암살,瞬袭
암살 목표,追踪目标
암살기술,潜行教义
암살자의 마음가짐,潜行信条
암흑의 블랙스타,暗黑之星布莱斯塔
애드립,即兴表演
애쥬어 메인,蔚蓝号
액티브 이퀄라이저,激活均衡器
앨런,亚伦
약속,誓约
"약속의 도시, 이내",誓约之都雾岚
어둑섬을 향해,前往幽暗岛
어둠의 손톱,毁灭之爪
어둠의 탐구자,黑暗探索者
어밴던,赤狱之力
어벤저,惩戒者
어비스의 근원(The Root of Abyss),黑暗之眼根源
어위고랫강,辽鲸江
어위키급,浩瀚级
어태치먼트 : 미스트 기어,附件 : 迷雾装置
언더풋 뒷골목,暗黑城后巷
얼녹,灼烧冰冻
얼어붙은 저항의,冰封之御
얼어붙은 저항의 무기,冰封之御武器
얼음 송곳니,冰霜利齿
에너제틱 비트,活力节奏
에단,伊旦
에디,艾迪
에르곤,埃尔贡
에반젤리스트,光明歌颂者
에어 버스트-7,光芒圣痕 : 空中爆炸
에오 신시니아,伊奥·辛西尼亚
에우치,耶欧奇
에이,阿伊
에이븐 헌팅,凌空之狩
에컨,艾肯
에클레어,埃克莱尔
에테리얼 보우,妖影弓
에피소드 오브 하모니,和茉霓之歌
엑스트라 옵션,额外插件
엔사이트 헨지,电磁图腾
엔트 정령의 귀걸이,恩特精灵耳环
엔트 정령의 목걸이,恩特精灵项链
엔트 정령의 반지,恩特精灵戒指
엔트 정령의 벨트,恩特精灵腰带
엔트 정령의 상의,恩特精灵胸甲
엔트 정령의 성배,恩特精灵圣杯
엔트 정령의 신발,恩特精灵战靴
엔트 정령의 심장,恩特精灵之心
엔트 정령의 어깨,恩特精灵护肩
엔트 정령의 팔찌,恩特精灵手镯
엔트 정령의 하의,恩特精灵护腿
여름,夏日
여행자의 가죽 갑옷 마스터리,旅人皮甲精通
여행자의 직감,旅人的直觉
여행중인 보노즈,旅行中的波诺兹
역린의 흔적,逆鳞之痕
역성문,逆星文
역죄단멸,逆炎灭罪
역행하는 기억의 성단,紊乱之星团
연련검:음양,心炼剑 : 阴阳
연합 사령관 이리네,联合军司令伊列娜
연합의 지휘자 망토,联盟指挥者披风
열화 : 끝없는 타오름,烈火 : 不熄焚焰
열화 : 내디딘 마지막 발걸음,烈火 : 最终一步
열화 : 밀려오는 불길,烈火 : 炽烟弥天
열화 : 엉겨붙은 의지,烈火 : 缠结意志
열화 : 흔들린 불꽃의 이성,烈火 : 沉静火光
"염주와 부적, 그리고 신룡의 힘으로\n마물을 퇴치하는 프리스트",用念珠、 符咒及神龙的力量击退敌人的光职者。
영광의 재림,再临的荣光
영롱한 엠블렘,玲珑徽章
영원의 조각 - 귀걸이,永恒的碎片 - 耳环
영원의 조각 - 보조장비,永恒的碎片 - 辅助装备
영혼의 구속 : 거스를 수 없는 봉인,灵魂拘束 : 绝对封印
영혼의 구속 : 무거운 업보,灵魂拘束 : 沉重罪魇
영혼의 구속 : 지배하는 권능,灵魂拘束 : 支配权能
예거,耶格
"예술가, 센드만",艺术家桑德曼
오늘의 주인공,主角登场
오래된 절,古庙
오메가 디스트럽션,欧米伽激光
오브젝트,特效
오염된 눈의 별,秽染之雪星辰
오의 발현 - 금,奥义 - 金
오의 발현 - 목,奥义 - 木
오의 발현 - 부조화,奥义 - 失衡
오의 발현 - 수,奥义 - 水
오의 발현 - 토,奥义 - 土
오의 발현 - 화,奥义 - 火
오토매틱 무브먼트,自动操作模式
오파츠,欧帕兹
오행의 기운,五行之息
오행의 흐름,五行源流
온 더 스테이지,梦想的舞台
올바른 정신,正确神识
옵션,属性
옵션 성장,属性成长
와일드 파이어,旷野火炎
와일리 트릭,诡道奇袭
왕래용 다리,通行桥
요격대,妖击队
요기,妖气
요기력,妖气之力
요기로 가득 찬 섬,充满妖气的岛屿
요기에 물든 안개의 결정,浸染妖气的迷雾结晶
요룡 님파,妖龙宁帕
요륜참,妖轮斩
요마왕,妖魔王
요마왕 마키아,妖魔王摩奇亚
요마인,妖魔人
요수의 천 갑옷 마스터리,妖护使布甲专精
요인 암살,毁灭绝击
요정의 항아리,精灵袖珍罐
요화맹진,妖火猛禽
용맹의 아리아,勇气颂歌
용사,勇士
용의 겁화,龙之业火
용의 우익랑,龙之右翼廊
용의 정원,龙之庭院
용의 좌익랑,龙之左翼廊
우레 : 곤두서는 감각,雷鸣 : 惊惧之宴
우레 : 구름을 향한 발돋움,雷鸣 : 黑云压城
우레 : 대지를 뒤덮는 암운,雷鸣 : 暗云翻涌
우레 : 뒤따르는 고동,雷鸣 : 痛如影随
우레 : 하늘에 새겨진 흉터,雷鸣 : 裂天残痕
우무,乌穆
"우무 공, 이쪽이오!",乌穆贤家，这边!
운궁,云弓
운명 강화,强化 : 命运
운명 조작,操纵命运
운명의 카드,命运卡牌
운명이 이끄는 방향,命运的领航标
운반 조합,运输协会
워 바이콘,战伐双角兽
워닝 샷건,霰弹之箭
워바이콘,战伐双角兽
원귀 : 연참,幻鬼 : 连击
원더,旺德
원죄의 힘으로 악을 유혹하여 처단하는 프리스트,拯救苦难， 粉碎罪恶的光职者。
월드 아이돌 링,世界偶像戒指
웨스턴 파이어,溃灭回射
웨스피스 격전지,莫斯匹斯激战地
웨스피스 전선,莫斯匹斯战线
웹 드롭,困兽之网
윈드 프로텍터,暴风护盾
유랑,流浪协会
유랑하는 별의 문장,流浪之星的纹章
유명세,名人气场
유별급,流星级
유저,玩家
유틸리티,功能性
융합 분리,融合分离
은자 에르곤,隐者埃尔贡
은자림,隐者之林
은자의 별,隐者之星
은하수의 빗방울,银河的雨滴
음산한 뒷골목,阴森的后巷
음성、보이스,配音
음의 기운,阴邪气息
응축된 미스트 코어,浓缩雾核
의문의 편지,可疑的信件
의욕폭발,干劲爆棚
이단심판관,正义审判者
이단을 지명하는 검지,辨明异徒的食指
이름 없는 부유섬,无名空岛
이름 없는 수문장,无名守门将
이름없는 석상,无名石像
이면경계,异面边界
이모탈,不朽战士
이벤트,活动
이스트레인지먼트,惩罚之锤
이슬을 감춘 자(The Man Who Hides Dew),隐藏露滴者
이어진 불꽃의 의지,不灭之火花意志
이펙터 온 : 그루브,乐力全开 : 律
이펙터 온 : 파워,乐力全开 : 力
이펙트,特效
익사이팅,斗志昂扬
익스큐서너 슬래쉬,暴君湮灭斩
익시드,超世界
인공신,人造神
인공신 레이드,人造神攻坚战
인귀 더글러스,化鬼铎格拉斯
인덱스,index
인벤토리,物品栏
인비시블 스톤,隐形石
인요합의,妖人合一
인파이터,蓝拳使者
인페르노,炎狱守卫者
인형의 숲 무대,人偶之森舞台
일렉트릭 플레임,电焰
일반 / 개방  / 완전 개방,普通  / 蜕变  / 完全蜕变
일반 던전,白图
"일반 던전, 일던",普通地下城
"일반, 하드 모드",普通、困难
임시 주둔지,临时营地
"입장컷, 입컷,",门槛
잊혀진 기록,忘却之记载
자미르,扎米尔
자연의 기운,自然之息
자유를 향한 연구 세트,流向自由之魔力 套装
"작가, 헤르니안",作家海勒尼安
잔존,留存
잘못 끼워진 다리,错乱之足
잠들지 못하는 죄악의 지옥,永不安息的罪恶地狱
장궁 숙련,玄机弓精通
장렬한 전투의 기억,征战之忆
장비 융합,装备融合
장착,穿戴
재생의 아리아,新生颂歌
저버린 신의,背信弃义
저주인형,箴言人偶
저항을 담은 철,坚韧之铁
적의 방어력과 상관없이 총 피해 증가 수치의 10%%만큼 피해를 줌,无视敌人防御力并造成相当于总攻击强化数值10%%的伤害
전격의 스테이츠,雷霆斯特兹
전격의 타우세르,雷鸣牛头魔兽
전략가의 정교한 전투 바지,战略家的量身战裤
전생의 여신 오로라,转生女神欧若拉
전장의 주방장,战场厨师长
전투 리포팅,战斗报告
절개,气节
점검,维护
정제된 마력,精制魔力
정제된 미스트 기어,大百变
제 7의 귀신 : 광폭의 블라슈,第7鬼神 : 怖拉修
제국 실험실 유격전,帝国实验室之战
제국 실험실의 기록일지 이벤트,帝国实验室日志活动
제노사이더,毁灭之魂
제노사이드 크러쉬,碎灵之击
제압자,统治者
제트스트림,急流
조리나무 마을,矮树镇
조율자 리카르,调律者里卡尔
조화로운 차원의 기운,协调的次元气息
조화의 이치,协调之理
졸린눈의 로턴드,困倦之眼罗坦德
좀비인형,跳跳人偶
종말의 예고,末日的预告
종언을 고하는 서약,预告末日的誓约
죄악의 지배 : 절규가 매달리는 공포,罪恶支配 : 哀鸣之恐怖
죄악의 지배 : 절망을 뒤덮는 공포,罪恶支配 : 绝望之恐怖
죄악의 지배 : 태초가 선사하는 공포,罪恶支配 : 原初之恐怖
주간,每周
주베닐,朱维尼尔
주캐,主号，大号
주화,硬币
죽음의 숲,死亡之森
죽음의 여신전,死亡女神殿
줄라이,茱莱亚
중독,中毒
"중독 지속 시간 증가/감소, 중독 데미지 증가/감소 옵션의 영향을 받습니다.",该属性受中毒持续时间增加/减少、 中毒伤害增加/减少属性的影响。
중천의 검은 구멍,重泉黑洞
즉각처분,即刻执罚
증폭,增幅
증표 교환,奖章兑换
지나간 과오,过往的错失
지나간 시간의 기억,命魂之忆
지면 파괴자,地面破坏者
지면 폭류,地面洪流
지배자의 위엄,至高者的威势
지식의 보호자 헤이즐,司书人海泽尔
지식의 향연,知识的盛宴
지여급,大地级
지정된 데미지를 10초 동안 1초마다 감전 피해로 나누어 적용되는 상태 이상입니다.,以1秒为间隔， 在10秒内造成一定量感电伤害的属性。
지정된 데미지를 3초 동안 0.5초마다 출혈 피해로 나누어 적용되는 상태 이상입니다.,以0.5秒为间隔， 在3秒内造成一定量出血伤害的属性。
지정된 데미지를 5초 동안 0.5초마다 중독 피해로 나누어 적용되는 상태 이상입니다.,以0.5秒为间隔， 在5秒内造成一定量中毒伤害的属性。
지정된 데미지를 5초 동안 0.5초마다 화상 피해로 나누어 적용되는 상태 이상입니다.,以0.5秒为间隔， 在5秒内造成一定量灼伤伤害的属性。
지정된 데미지의 20%의 감전 피해는 1초마다 나누어 적용됩니다.,其中， 感电伤害总量的20%， 以1秒为间隔持续施加于感电对象。
"지정된 데미지의 80%는 감전 지속시간 이내에 공격 시 반응하며, 공격 히트 당 감전 피해가 나누어 다음 감전 피해에 합산되어 적용됩니다. (반응하는 최대 공격 히트 수는 감전 지속시간 1초당 1회로 적용됩니다.)",剩余感电伤害总量的80%， 在感电持续时间内， 于每次攻击中对感电对象造成附加伤害。 (可附加感电伤害的攻击次数上限为每1秒感电持续1次)
지하 예배당,地下礼拜堂
지하수로 바스티온,地下水道巴斯提恩
지휘관의 명주 상의,指挥官的丝绸上衣
진각 컷신,觉醒插图
진룡 : 무거운 철의 투지,真龙 : 沉重的铁之志
진룡 : 압도하는 힘의 원천,真龙 : 强压的力之源
진룡 : 잔혹한 용의 발톱,真龙 : 残酷的龙之爪
질투의 블레이즈리아,嫉妒之布雷兹里亚
질풍노도의 카오스,疾风骤雨卡奥斯
쩔,金团
"쩔파티, 쩔",金团
차원,次元
착요,捉妖
찬란한 별의 운명,耀星之命运
찰나를 스치는 흐름,如流岁月
처단,索敌刺
처치,消灭
천계 연합군 : 꺾이지 않는 의지,天界联合军 : 意志不灭
천계 연합군 : 모든 이를 위한 기도,天界联合军 : 祈福苍生
천계 연합군 : 밝게 빛나는 희망,天界联合军 : 希望曙光
천둥 가속,天雷加速
천둥 방출,释放天雷
천상의 보호,天堂的守护
천선낭랑,御龙仙女
천칭,天平
천해천,千海天
철의 무덤,钢铁墓地
청연,晴烟
청연의 방패,晴烟之盾
청해,清海
체이싱클러,索敌集束弹
초기화,初始化
초록의 둥지,青绿之巢
초리,木族
초월적인 존재,超越者
초진공탄 : 첼리,超真空弹 : 切利
촉촉한 허그미,温柔的哈格米
촌장 버너스,村长博纳斯
총 10000의 데미지를 10초 동안 감전 피해로 나누어 적용되는 옵션의 경우,若感电伤害总量为10000点， 总持续时间为10秒。
총 10000의 화상 데미지가 3초 지속된 시점에서 빙결 상태 이상이 적용되는 경우,若灼伤伤害总量为10000点， 灼伤状态持续3秒时被施加冰冻状态
총사령관의 결단,总司令官的决断
총사령관의 독도법 나침반,总司令官的指向罗盘
총사령관의 비장의 한발,总司令官的壮烈一步
총사령관의 섬멸 작전,总司令官的制敌法
총사령관의 의무,总司令官的义务
총사령관의 전술 지도,总司令官的布阵图
총사령관의 전우가 남긴 유품,总司令官的战友遗物
총사령관의 제복 상의,总司令官的制服上衣
총사령관의 제복 하의,总司令官的制服裤子
총사령관의 지휘,总司令官的指挥
총사령관의 초심,总司令官的初心
최강토끼,最强兔子
추앙하는 아쿠아리스,敬仰之阿库阿利斯
추억의 속삭임,回忆的低语
축,祝福
축복의 분수,祝福之泉
축연,祝宴
출혈,出血
출혈 데미지는 중첩 수가 1 증가할 때마다 적에게 적용되는 다음 중첩의 출혈 데미지가 1%씩 증가하며 최대 10%까지 증가합니다.,出血伤害叠加层数每增加1层时， 下一次叠加的出血伤害增加1%， 最多可增加10%。
"출혈 지속 시간 증가/감소, 출혈 데미지 증가/감소 옵션의 영향을 받습니다.",该属性受出血持续时间增加/减少、 出血伤害增加/减少属性的影响。
치므릿골,寒溪谷
칠금산,七金山
침묵의 예배당,沉默的礼堂
침전한 보랏빛 요기,沉淀的幽紫妖气
카메린,卡梅林
카잔 증후군,卡赞综合征
카트리지,燃料罐
카펠라의 성흔 : G-13EV 열압력 반응류탄,光芒圣痕 : G-13热压力反应榴弹
칼날,锋刃
칼이 든 자리,切割之地
캐니언힐 광부,柯涅恩搬砖
캐릭터 성능,职业强度
캐스팅,读条
캐스팅 시간,读条时间
캘린더,活动日历
캠프파이어,营火
커럽션,隐行之噬
커스텀,定制
커팅 섀도우,切割之影
컨퓨징 무브,迷惑之舞
컬쳐 쇼크,音波冲击
컴퍼니 도흐,展翼之鹰
코드네임 게이볼그,代号 : 盖波加
코린,柯林
코스튬,变装道具
코어 마스터의 실험실,源能专家实验室
코어 에너지,核能
코인,复活币
콘텐츠,内容
콜트 No3. 데린저,柯尔特3号 - 大口径左轮
쿠노이치의 성지,忍者圣地
쿠룬산의 수련장,月轮山修炼场
퀴디치,方块
퀵 무브,高速机动
큐브 사장님,晶块达人
큐어 달인,净化达人
크라체,克拉切
크러셔,粉碎机
크로스슈터,强攻弩
크로스슈터 개량,强攻弩改良
크로스슈터 사용 가능,强攻弩掌握
크루세이더,光明骑士
크루얼 슬러터,凶兽噬咬
크리쳐,宠物
크리핑,赤影步
큰 어른 루톤,大长老卢坦
클라크,克拉克
클레르,克莱尔
클로린드의 거처,克罗林德的住所
클리멧,克里梅特
클리어,通关
키보디스트 뮤아,键盘手穆雅
키츠카 가문의 공방,基希卡家族工坊
타락의 기운이 깃든 수정,蕴含堕落气息的水晶
타오르는 불꽃의 성단,业火之星团
타칼,塔卡尔
탈리스만,护石
태산의 심장,泰山之心
태초의 공포 모로스(moros_fear the Fear of the Beginning),太初之惧·摩罗斯
태초의 대지,太初之大地
태초의 물결,太初之水流
태초의 불꽃,太初之火花
태초의 불화,太初之失衡
태초의 새싹,太初之生命
태초의 섬광,太初之闪光
태초의 세리아 (Dawning Seria),太初之赛丽亚
태초의 지혜,太初的智慧
택티컬 무브먼트,战术移动
탭,页签
터져나오는 악몽,爆发的噩梦
테라 유적지,泰拉遗迹
텐센트,TC
템버,坦博
토네르,托内尔
토먼트,绯红之狱
톨톨,托托
투영된 어둑섬,幻影幽暗岛
투한당,彻寒堂
트래블러,旅人
트렌드세터 (Trend-setter),时律之音(Trend-setter)
트리플악셀,三重加速
특별 실험실,特别实验室
특이체질,特殊体质
"파괴된 죽은 자의 성, 파죽성",毁坏的寂静城
파워 이펙터,效果器(力)
파워 포르테,音力增强
파인,法茵
파핑파핑 스펙트럼,震感频谱
팔라딘,帕拉丁
팔케,帕伊卡
팔케 : 블레이드 페더,帕伊卡 : 刃羽
팔케 : 퀵 페킹,帕伊卡 : 奇袭
패키지,礼包
패턴,机制
팬 서비스,独家演奏
퍼펙트 오프닝,完美开场
펄시,泊尔希
페이탈 피어싱,毁灭贯穿
페이트 웨이,命运通途
페인 브링어,苦痛送行
페일베일,阿飘
펠 로스 제국의 영광,佩鲁斯帝国的荣光
펠로마,佩洛玛
펼쳐지는 예언,舒卷的预言
"평론가, 록샤르",评论家洛克夏勒
평화로운 과거,和平的往昔
폐쇄된 고대유적,封闭的古代遗迹
폐허위의 화원,废墟之花园
포스트 아포칼립스 세계,后末日世界
포식 : 사그라진 고동,猎食 : 消弭脉动
포식 : 자비없는 습격,猎食 : 残酷袭击
포식 : 조여오는 올가미,猎食 : 禁锢枷锁
포식 : 추적하는 사냥꾼,猎食 : 追袭猎手
포식 : 헤집어진 상처,猎食 : 破碎伤痕
포식 융합 방어구,猎食融合防具
포이즌데몬,毒魔
포지 코어 펜던트,锻造核心项链
포화,炮花
폭룡왕의 겁화,爆龙王的业火
폭룡왕의 겁화게이지,爆龙王的劫火条
폭룡왕의 단조,爆龙王的冶炼台
폭룡왕의 인장,爆龙王印章
폭룡왕의 정전,爆龙王宫殿
폭주,暴走
폭주하는 안개의 브림,暴走的迷雾之布里穆
폭축집중,聚雷爆破
폭풍 화살,暴风箭
폭풍의 시선,风暴视线
폭풍의 역린,风暴逆鳞
폭풍이 부른 성,风暴幽城
폴링 데스렌더,魔剑之坠
폼 체인지 - 베아라,形态切换 - 贝亚罗
폼 체인지 - 야신,形态切换 - 亚辛
푸른 달의 운명,蓝月之命运
푸른 물 계곡,幽碧溪谷
푸른 진리의 탐구자,真理探索者
풀 스윙,全力挥击
풍권류 도장,风拳流道场
풍요로운 가을의 축복,金秋的祝福
풍요의 분수,富饶之泉
풍운과 안개를 걷는 빛,穿云破雾之光
풍작의 기원,丰收许愿
풍획의 기원,渔获许愿
퓨딜,纯输出
퓨리파잉,神光连击
프렌지,狂暴之力
프로젝트 Pandora 테스트장,潘多拉项目测试场
프리미티브 프레센시아,原初·普希娅
프리스트,光职者
플래티,普拉蒂
플레어,光爆箭
플레어 데토네이터,耀光信号弹
플레이 포인트,刷图点数
플레인,位面
플레인 데몬,位面 : 恶魔世界
플레인 드래고니아,位面 : 龙之国度
플레인 엔젤리카,位面 : 天使之城
플레인 피스,位面 : 美丽世界
플레임 릴리,火百合
플레임 스타터,引火器
플렉서블 아머리,机动装备仓
플루크하펜,普鲁克悬空港
피 흘리는 철광,猩红铁矿
피할 수 없는 일격,必中一击
핀포인트 쓰리,三重箭刃
핏빛으로 물든 신념 세트,赤诚信念 套装
하늘 못,天池
하늘 정원,天空庭院
하늘 지기,守天者
하모니,和茉霓
하반기,H2
하얀 사슴 호수,白鹿湖
하위권 직업,下水道
하이라이트,高亮
하트,哈特
하트냥,爱心喵
하트냥의 큐피드 퍼퓸,哈特喵的丘比特香水
학살자의 공포,无形之惧
학자 리키,学者瑞琦
한기의 게르다,寒冰之歌耶达
한방,一击搞定
할트산 정상,哈尔特山顶
합법 심의,合规
핫 데뷔,闪亮首秀
항아리에갇힌가이즈,壶中的卡伊兹
해방,因果毁灭
해상열차,海上列车
해피한 기분,幸福时光
핵 앤 펀치,狡黠回击
행운의 기원,幸运许愿
행운의금동구리,幸运金独角仙
木 :,风 :
헤드라이너 (Headliner),灵韵乐姬(Headliner)
헤드샷,溃灭射击
헤이즈 스톰,流雾疾风
헬 파이어,地狱之火
헬벤터,暗狱魔神
헬카이트,神焰守卫者
혈독초,赤毒草
혈십자,力量唤醒
혈옥 깊은 곳,天帷禁地深处
혈화난무,魔刃狂舞
혜상공국,惠商公局
혜성만리,花舞千魂
혜택,福利
호버케이브,飞行器
호크 아이,猎鹰之瞳
혼돈의 카오스,混沌魔王卡欧斯
혼돈이 담긴 소용돌이,混沌的漩涡
혼백당,魂魄堂
홀드업,挑空
홍예석,虹霓石
화룡 : 끓어오르는 용의 숨결,火龙 : 沸腾的龙之息
화룡 : 타오르는 불의 분노,火龙 : 燃烧的火之怒
화룡 : 폭발하는 힘의 근원,火龙 : 爆炸的力之源
화룡의 기운,火龙之息
화룡의 분노 버프,火龙之怒Buff
화상,灼伤
"화상 데미지가 빙결 상태 이상으로 인해 해제될 경우, 적에게 적용되어 있던 남은 화상 데미지가 5% 증가하여 일괄 적용됩니다.",当灼伤状态被冰冻状态解除时， 剩余灼伤伤害增加5%后一次性施加到受灼伤对象身上。
"화상 지속 시간 증가/감소, 화상 데미지 증가/감소 옵션의 영향을 받습니다.",该属性受灼伤持续时间增加/减少、 灼伤伤害增加/减少属性的影响。
화상에 걸린 대상 주변 150px 내의 몬스터들에게 원본 데미지 대비 10%의 데미지가 적용됩니다.,灼伤对象150px范围内的敌人， 会受到原伤害10%的伤害。
화이트 스폿,圣洁雪域
화접선,花蝶扇
화형,火之净化
확정 드랍,必定掉落
환란야행,祸乱夜行
환요오괴,患妖五怪
활기찬 여름의 축복,盛夏的祝福
황도군 사격장,皇都军射击场
황룡진,黄龙阵
황실 넨 시연장,皇家念气试炼场
회복수,恢复水
회피의 신,回避之神
효율적인 에너지 소모,高效能量消耗
후킹,获客
휘몰아치는 폭풍 강화,强化 : 风暴席卷
흐르는 오행의 잔재,流动的五行残片
흐름 가속,加速流动
흐름의 기운,流动之息
흐릿한 기억의 조각,朦胧的记忆碎片
흑룡 : 끝없는 암흑의 굴레,黑龙 : 无尽的暗黑枷锁
흑룡 : 어두운 힘의 근본,黑龙 : 黑暗的力之源
흑룡 : 주시하는 용의 눈동자,黑龙 : 凝视的龙之瞳
흑빙룡 아퀼로,黑冰龙阿奎洛
흑요정 굴,暗精灵墓穴小怪
흑풍,黑风
흔들리지 않는 숲,静止之森
흔적을 쫓아,追寻踪迹
흔적이 새겨진 돌,铭忆之石
흡기암경파,吸影暗劲波
희미한 무의 기억,模糊的雾之记忆
흰 구름 감시자 라르고,白云监视者拉尔戈
흰 구름 무지개 꽃,白云彩虹花
흰 구름 시내,白云溪
흰 구름 항로 안내술,白云航线导航术
흰구름 등대,白云灯塔
흰구름전령에를리히,白云传令使爱莉希
히트엔드,终结之击
힘의 정수,灵魂之源
水 :,霜 :
土 :,雨 :
眞 로그,隐夜·暗星
眞 무녀,光启·驱魔师
眞 뮤즈,聆风·缪斯
眞 미스트리스,光启·除恶者
眞 어벤저,光启·惩戒者
眞 이단심판관,光启·正义审判者
眞 인파이터,光启·蓝拳使者
眞 크루세이더,光启·光明骑士
眞 퇴마사,光启·驱魔师
眞 트래블러,聆风·旅人
金 :,雷 :
